,Location,Dist_Per_100K,Admin_Per_100K,Admin_Per_100k_5Plus,Admin_Per_100k_12Plus,Admin_Per_100k_18Plus,Admin_Per_100k_65Plus,Per_Capita_Income_(2022),Political_Leaning,Politcal_Leaning_refined,MedianAge
0,AK,5526870,3425225,3656176,3918368,4029983,5912717,68919,Republican,1,34.6
1,AL,4716121,2707481,2873072,3100400,3236810,4991355,50637,Republican,1,39.2
2,AR,5192754,3053550,3244453,3488885,3619142,5427420,51787,Republican,1,38.3
3,AZ,5107464,3789100,4006981,4256413,4367750,6415342,56667,Swing State,2,37.9
4,CA,5718367,4222979,4459859,4722302,4824204,6536206,77339,Democrat,3,36.7
5,CO,5742468,4263651,4481498,4736089,4868306,7082981,74167,Democrat,3,36.9
6,CT,6242098,4789603,5014304,5265786,5381946,7431091,84972,Democrat,3,41.1
7,DE,6389169,4211468,4438446,4704270,4826086,7092278,61387,Democrat,3,41.0
8,FL,5351068,3713945,3913709,4165151,4288331,6106445,63597,Swing State,2,42.2
9,GA,5054111,3044756,3231436,3476942,3618021,5477800,57129,Swing State,2,36.9
10,HI,6129870,4691210,4959804,5232286,5316687,6965967,61175,Democrat,3,39.4
11,IA,5544773,3668958,3885620,4158868,4328443,6860843,54537,Republican,1,38.3
12,ID,4962177,3053502,3251767,3533491,3726204,5961252,68822,Democrat,3,36.6
13,IL,5641204,4000449,4217966,4446185,4566471,6407973,57930,Republican,1,38.3
14,IN,5238457,3140076,3333967,3576341,3727894,5968184,58905,Republican,1,37.8
15,KS,5343168,3488918,3697350,3963768,4106711,6308143,60152,Republican,1,36.9
16,KY,5086200,3178085,3370197,3613824,3759961,5708624,52109,Republican,1,39.0
17,LA,4151203,2832104,3021755,3276804,3422502,5326890,54622,Republican,1,37.2
18,MA,6409907,4971245,5194110,5400899,5490932,7358265,84945,Democrat,3,39.6
19,MD,6888849,4591867,4839219,5095250,5189459,7124506,70730,Democrat,3,38.8
20,ME,6879145,4960571,5166858,5401934,5540158,7923027,59463,Democrat,3,44.8
21,MI,5521631,3540388,3736795,3967771,4116990,6228779,56813,Swing State,2,39.8
22,MN,6094026,4284444,4518857,4780834,4934563,7451338,68010,Swing State,2,38.1
23,MO,4769354,3234575,3418726,3656064,3798636,5815192,56551,Republican,1,38.7
24,MS,4558314,2736900,2912212,3156318,3304148,5184926,46248,Republican,1,37.7
25,MT,4751336,3305332,3489076,3721632,3859812,5942658,57719,Republican,1,40.1
26,NC,5386794,3514261,3708255,3939609,4069896,6073238,57416,Swing State,2,38.9
27,ND,4668558,3254954,3474296,3717789,3850089,6102449,66184,Republican,1,35.2
28,NE,5282795,3725516,3968527,4255122,4414875,6737850,63321,Republican,1,36.6
29,NH,7007591,4131918,4311238,4533723,4643655,6767950,74663,Democrat,3,43.0
30,NJ,6216110,4218893,4454813,4713635,4824960,6241246,78700,Democrat,3,40.0
31,NM,5498986,4269466,4504493,4792200,4935164,6808159,51500,Democrat,3,38.1
32,NV,4688371,3429006,3639052,3911716,4042099,5721615,78089,Democrat,3,38.2
33,NY,5889732,4386609,4630068,4885375,4993111,6298821,61282,Swing State,2,39.0
34,OH,5052802,3407514,3597224,3835112,3987416,6147447,57880,Swing State,2,39.5
35,OK,4581363,3234567,3447917,3742600,3904866,5923462,54998,Republican,1,36.7
36,OR,6256102,4192881,4401622,4638785,4751977,6606144,62767,Democrat,3,39.5
37,PA,6220373,4056700,4257884,4490097,4618980,6672372,65167,Swing State,2,40.9
38,RI,6217436,4752945,4978320,5209845,5316559,7384036,65377,Democrat,3,40.0
39,SC,5144756,3181400,3359057,3597619,3735196,5788521,53320,Republican,1,39.7
40,SD,5695525,3604060,3847854,4130486,4286672,6585818,65806,Republican,1,37.2
41,TN,4704708,3131304,3318824,3568142,3728237,5829173,58279,Republican,1,38.8
42,TX,5199371,3414244,3646391,3906046,4008497,5772683,61985,Republican,1,34.8
43,UT,4910172,3626370,3896325,4228199,4393889,6681447,57925,Republican,1,31.1
44,VA,5862495,4334628,4568758,4805895,4907741,6861352,68211,Democrat,3,42.8
45,VT,7695292,5315292,5511186,5694197,5775788,8161611,63206,Democrat,3,38.4
46,WA,6235155,4380116,4612298,4872470,4990772,7068437,75698,Democrat,3,37.8
47,WI,5272159,4031070,4242485,4503631,4666916,7315715,61210,Swing State,2,42.7
48,WV,5745845,3273093,3444242,3685943,3828167,5592535,49169,Republican,1,39.6
49,WY,4151635,2790420,2960639,3205279,3360399,5418906,71342,Republican,1,38.0
